old_url,title,page_type,notes
https://khaneyeide.ir/kharazmi-festival/,جشنواره جوان خارزمی چیست ؟ +جوایز و تسهیلات + زمان و نحوه ثبت نام,article,wp:post; id:3040
https://khaneyeide.ir/what-is-robotic/,ربات چیست و علم رباتیک چیست؟و چه کاربردها و مزایایی دارد ؟,article,wp:post; id:3016; may show children; names omitted from structured.json
https://khaneyeide.ir/why-should-you-learn-robotics-online/,چرا در دوره های آنلاین رباتیک آموزشگاه خانه ایده شرکت کنیم ؟,article,wp:post; id:2971; may show children; names omitted from structured.json
https://khaneyeide.ir/%D9%85%D8%B3%D8%A7%D8%A8%D9%82%D8%A7%D8%AA-%D8%B1%D9%88%D8%A8%D9%88%DA%A9%D8%A7%D9%BE/,مسابقات روبوکاپ | مسابقات جهانی روبوکاپ در ایران | خانه ایده,article,wp:post; id:2761
https://khaneyeide.ir/%D9%85%D8%B3%D8%A7%D8%A8%D9%82%D8%A7%D8%AA-%D8%A2%DB%8C%D8%B1%D9%88%DA%A9%D8%A7%D9%BE/,مسابقات آیروکاپ | آیروکاپ در ایران | خانه ایده,article,wp:post; id:2737
https://khaneyeide.ir/%D8%B1%D9%88%D8%A7%D9%86%D8%B4%D9%86%D8%A7%D8%B3%DB%8C-%DA%A9%D9%88%D8%AF%DA%A9-%D9%88-%D9%86%D9%88%D8%AC%D9%88%D8%A7%D9%86/,روانشناسی کودک و نوجوان - خانه ی ایده,article,wp:post; id:1142; may show children; names omitted from structured.json
https://khaneyeide.ir/%D8%A7%D8%B2-%D8%A7%DB%8C%D8%AF%D9%87-%D8%AA%D8%A7-%D8%A7%D8%AC%D8%B1%D8%A7/,دوره از ایده تا اجرا - خانه ی ایده,course,wp:post; id:1137
https://khaneyeide.ir/%D8%AF%D9%88%D8%B1%D9%87-%D9%86%D9%88%DB%8C%D8%B3%D9%86%D8%AF%DA%AF%DB%8C-%D8%AE%D9%84%D8%A7%D9%82/,دوره نویسندگی خلاق - خانه ی ایده,course,wp:post; id:1132
https://khaneyeide.ir/%D8%AF%D9%88%D8%B1%D9%87-%D9%86%D8%A7%D9%86%D9%88/,دوره نانو - خانه ی ایده,course,wp:post; id:1127
https://khaneyeide.ir/%D8%AF%D9%88%D8%B1%D9%87-%D8%B2%DB%8C%D8%B3%D8%AA-%D8%B4%D9%86%D8%A7%D8%B3-%D9%86%D9%88%D8%AC%D9%88%D8%A7%D9%86/,دوره زیست شناس نوجوان - خانه ی ایده,course,wp:post; id:1122; may show children; names omitted from structured.json
https://khaneyeide.ir/%D8%AF%D9%88%D8%B1%D9%87-%D9%85%D8%B9%D9%85%D8%A7%D8%B1%DB%8C/,دوره معماری - خانه ی ایده,course,wp:post; id:1117
https://khaneyeide.ir/%D8%AF%D9%88%D8%B1%D9%87-%D8%A8%D8%A7%D8%B2%DB%8C%D8%B3%D8%A7%D8%B2%DB%8C/,دوره بازی‌سازی - خانه ی ایده,course,wp:post; id:1112
https://khaneyeide.ir/%D8%AF%D9%88%D8%B1%D9%87-%D9%85%DA%A9%D8%A7%D8%AA%D8%B1%D9%88%D9%86%DB%8C%DA%A9/,دوره مکاترونیک - خانه ی ایده,course,wp:post; id:1107
https://khaneyeide.ir/%D8%AF%D9%88%D8%B1%D9%87-%D8%B7%D8%B1%D8%A7%D8%AD%DB%8C-%D8%B3%D8%A7%DB%8C%D8%AA/,دوره طراحی سایت - خانه ی ایده,course,wp:post; id:1101
https://khaneyeide.ir/%D8%AF%D9%88%D8%B1%D9%87-%DA%A9%D9%88%D8%A7%D8%B3%D9%BE%DB%8C%D8%B3/,دوره کواسپیس - خانه ی ایده,course,wp:post; id:1096
https://khaneyeide.ir/%D8%AF%D9%88%D8%B1%D9%87-%D8%A8%D8%B1%D9%86%D8%A7%D9%85%D9%87-%D9%86%D9%88%DB%8C%D8%B3%DB%8C/,دوره برنامه‌ نویسی - خانه ی ایده,course,wp:post; id:1091
https://khaneyeide.ir/%D8%AF%D9%88%D8%B1%D9%87-%D8%B1%D8%A8%D8%A7%D8%AA%DB%8C%DA%A9/,دوره رباتیک - خانه ی ایده,course,wp:post; id:1086
https://khaneyeide.ir/%D8%AF%D9%88%D8%B1%D9%87-%D8%B1%D9%88%DB%8C%D8%A7%D9%BE%D8%B1%D8%AF%D8%A7%D8%B2%DB%8C/,دوره رویاپردازی - خانه ی ایده,course,wp:post; id:1081
https://khaneyeide.ir/%D8%AE%D9%84%D8%A7%D9%82%DB%8C%D8%AA-%DA%A9%D9%88%D8%AF%DA%A9/,دوره خلاقیت کودک - خانه ی ایده,course,wp:post; id:1073; may show children; names omitted from structured.json
https://khaneyeide.ir/%D8%A7%D8%B2-%D8%A7%DB%8C%D8%AF%D9%87-%D8%AA%D8%A7-%D8%A7%D8%AE%D8%AA%D8%B1%D8%A7%D8%B9/,دوره از ایده تا اختراع - خانه ی ایده,course,wp:post; id:1050
https://khaneyeide.ir/%D9%BE%D8%B1%D9%88%DA%98%D9%87%D9%87%D8%A7%DB%8C-%D8%AF%D8%A7%D9%86%D8%B4%D9%BE%DA%98%D9%88%D9%87%D8%A7%D9%86/,پروژه‌های دانش‌پژوهان - خانه ی ایده,project,wp:post; id:1039; may show children; names omitted from structured.json
https://khaneyeide.ir/%D8%AF%D9%BE%D8%A7%D8%B1%D8%AA%D9%85%D8%A7%D9%86-%D8%B1%D9%88%D8%A7%D9%86%D8%B4%D9%86%D8%A7%D8%B3%DB%8C-%DA%A9%D9%88%D8%AF%DA%A9-%D9%88-%D9%86%D9%88%D8%AC%D9%88%D8%A7%D9%86/,دپارتمان روانشناسی کودک و نوجوان - خانه ی ایده,department,wp:post; id:244; may show children; names omitted from structured.json
https://khaneyeide.ir/%D8%AF%D9%BE%D8%A7%D8%B1%D8%AA%D9%85%D8%A7%D9%86-%D8%AE%D9%84%D8%A7%D9%82%DB%8C%D8%AA-%D8%AF%D8%B1-%D9%87%D9%86%D8%B1/,دپارتمان خلاقیت در هنر - خانه ی ایده,department,wp:post; id:242
https://khaneyeide.ir/%D8%AF%D9%BE%D8%A7%D8%B1%D8%AA%D9%85%D8%A7%D9%86-%D8%AE%D9%84%D8%A7%D9%82%DB%8C%D8%AA-%DA%A9%D9%88%D8%AF%DA%A9-%D9%88-%D9%86%D9%88%D8%AC%D9%88%D8%A7%D9%86/,دپارتمان خلاقیت کودک و نوجوان - خانه ی ایده,department,wp:post; id:240; may show children; names omitted from structured.json
https://khaneyeide.ir/%D8%AF%D9%BE%D8%A7%D8%B1%D8%AA%D9%85%D8%A7%D9%86-%D9%85%D8%B9%D9%85%D8%A7%D8%B1%DB%8C/,دپارتمان معماری - خانه ی ایده,department,wp:post; id:238
https://khaneyeide.ir/%D8%AF%D9%BE%D8%A7%D8%B1%D8%AA%D9%85%D8%A7%D9%86-%D9%86%D8%A7%D9%86%D9%88-%D8%B2%DB%8C%D8%B3%D8%AA-%D9%86%D9%88%D8%AC%D9%88%D8%A7%D9%86/,دپارتمان نانو- زیست نوجوان - خانه ی ایده,department,wp:post; id:234; may show children; names omitted from structured.json
https://khaneyeide.ir/%D8%AF%D9%BE%D8%A7%D8%B1%D8%AA%D9%85%D8%A7%D9%86-%D8%A8%D8%B1%D9%86%D8%A7%D9%85%D9%87%D9%86%D9%88%DB%8C%D8%B3%DB%8C-%D9%88-%D8%A8%D8%A7%D8%B2%DB%8C%D8%B3%D8%A7%D8%B2%DB%8C/,دپارتمان برنامه‌نویسی و بازی‌سازی - خانه ی ایده,department,wp:post; id:232
https://khaneyeide.ir/%D8%AF%D9%BE%D8%A7%D8%B1%D8%AA%D9%85%D8%A7%D9%86-%D8%B1%D8%A8%D8%A7%D8%AA%DB%8C%DA%A9/,دپارتمان رباتیک - خانه ی ایده,department,wp:post; id:230
https://khaneyeide.ir/%D8%AF%D9%BE%D8%A7%D8%B1%D8%AA%D9%85%D8%A7%D9%86-%D8%A7%DB%8C%D8%AF%D9%87-%D9%88-%D8%A7%D8%AE%D8%AA%D8%B1%D8%A7%D8%B9/,دپارتمان ایده و اختراع - خانه ی ایده,department,wp:post; id:228
https://khaneyeide.ir/%D9%85%D8%B1%D8%A7%D8%AD%D9%84-%D8%AB%D8%A8%D8%AA-%D9%86%D8%A7%D9%85/,مراحل ثبت نام - خانه ی ایده,registration,wp:post; id:195
https://khaneyeide.ir/%D9%85%D8%AC%D9%84%D9%87-%D8%AE%D8%A7%D9%86%D9%87%DB%8C-%D8%A7%DB%8C%D8%AF%D9%87/,مجله خانه‌ی ایده - خانه ی ایده,article,wp:post; id:193
https://khaneyeide.ir/%D9%84%DB%8C%D9%86%DA%A9%D8%AF%D9%88%D9%86%DB%8C/,لینکدونی - خانه ی ایده,article,wp:post; id:191
https://khaneyeide.ir/shop/,محصولات خانه‌ی ایده - خانه ی ایده,shop,wp:post; id:186
https://khaneyeide.ir/%D8%AF%D9%88%D8%B1%D9%87%D9%87%D8%A7%DB%8C-%D8%AE%D8%A7%D9%86%D9%87%DB%8C-%D8%A7%DB%8C%D8%AF%D9%87/,دوره‌های آموزشی - خانه ی ایده,course_index,wp:post; id:184; may show children; names omitted from structured.json
https://khaneyeide.ir/%D8%AF%D9%BE%D8%A7%D8%B1%D8%AA%D9%85%D8%A7%D9%86%D9%87%D8%A7%DB%8C-%D8%AE%D8%A7%D9%86%D9%87%DB%8C-%D8%A7%DB%8C%D8%AF%D9%87/,دپارتمانهای خانه‌ی ایده - خانه ی ایده,department,wp:post; id:182; may show children; names omitted from structured.json
https://khaneyeide.ir/%D8%A7%D9%81%D8%AA%D8%AE%D8%A7%D8%B1%D8%A7%D8%AA-%D8%AE%D8%A7%D9%86%D9%87%DB%8C-%D8%A7%DB%8C%D8%AF%D9%87/,افتخارات خانه‌ی ایده - خانه ی ایده,achievement,wp:post; id:180; may show children; names omitted from structured.json
https://khaneyeide.ir/%D8%B3%D9%84%D8%A7%D9%85-%D8%AF%D9%86%DB%8C%D8%A7/,سلام دنیا! - خانه ی ایده,article,wp:post; id:1
https://khaneyeide.ir/why-you-need-to-learn-ai/,چرا برای پیشرفت در دنیای امروز نیاز به یادگیری هوش مصنوعی داریم ؟,article,wp:post; id:3077
https://khaneyeide.ir/patent-of-idea/,مراحل ثبت اختراع چیست و از کجا شروع کنیم ؟ + راهکارهای عملی,article,wp:post; id:3175
https://khaneyeide.ir/what-is-the-importance-of-acquiring/,اهمیت کسب مهارت در جهان امروز چیست و چگونه به دست آوریم ؟,article,wp:post; id:3190
https://khaneyeide.ir/steam-method/,شیوه ی آموزشی استیم جیست و کابردها و مزایای آن جیست ؟,article,wp:post; id:3215
https://khaneyeide.ir/futures-of-jobs-with-ai/,آینده ی کسب و کارها و مشاغل در حضور هوش مصنوعی چه میشود ؟,article,wp:post; id:3234
https://khaneyeide.ir/,آموزشگاه رباتیک خانه ایده - معتبرترین آموزشگاه رباتیک کشور,home,wp:page; id:8; may show children; names omitted from structured.json
https://khaneyeide.ir/%D8%A8%D8%B1%DA%AF%D9%87-404/,برگه 404 - خانه ی ایده,utility,wp:page; id:660
https://khaneyeide.ir/%D8%AB%D8%A8%D8%AA-%D9%86%D8%A7%D9%85/,ثبت نام - خانه ی ایده,registration,wp:page; id:619
https://khaneyeide.ir/evercompare/,EverCompare - خانه ی ایده,page,wp:page; id:1736
https://khaneyeide.ir/%D8%AA%D9%85%D8%A7%D8%B3-%D8%A8%D8%A7-%D9%85%D8%A7/,تماس با ما - خانه ی ایده,contact,wp:page; id:206
https://khaneyeide.ir/%D8%AF%D9%88%D8%B1%D9%87-%D8%AE%D9%84%D8%A7%D9%82%DB%8C%D8%AA-%DA%A9%D9%88%D8%AF%DA%A9-%D9%88-%D9%86%D9%88%D8%AC%D9%88%D8%A7%D9%86/,دوره خلاقیت کودک و نوجوان - خانه ی ایده,course,wp:page; id:2184; may show children; names omitted from structured.json
https://khaneyeide.ir/%D8%AF%D9%88%D8%B1%D9%87-%DA%A9%D8%A7%D8%B1%DA%AF%D8%A7%D9%87-%D9%BE%D8%B1%DB%8C%D9%86%D8%AA%D8%B1-%DB%B3-%D8%A8%D8%B9%D8%AF%DB%8C/,دوره کارگاه پرینتر ۳ بعدی - خانه ی ایده,course,wp:page; id:2181
https://khaneyeide.ir/%D8%AF%D9%88%D8%B1%D9%87-%D8%A2%D9%84%D8%AA%DB%8C%D9%88%D9%85-%D8%AF%DB%8C%D8%B2%D8%A7%DB%8C%D9%86%D8%B1/,دوره آلتیوم دیزاینر - خانه ی ایده,course,wp:page; id:2193
https://khaneyeide.ir/%D8%AF%D9%88%D8%B1%D9%87-%D8%A2%D8%B1%D8%AF%D9%88%D8%A6%DB%8C%D9%86%D9%88/,دوره آردوینو - خانه ی ایده,course,wp:page; id:2169
https://khaneyeide.ir/%D8%AF%D9%88%D8%B1%D9%87-%D8%A8%D8%A7%D8%B2%DB%8C-%D8%B3%D8%A7%D8%B2%DB%8C/,دوره بازی سازی - خانه ی ایده,course,wp:page; id:2187
https://khaneyeide.ir/%D8%AF%D9%88%D8%B1%D9%87-%D8%A8%D8%B1%D9%86%D8%A7%D9%85%D9%87-%D9%86%D9%88%DB%8C%D8%B3%DB%8C-%D9%BE%D8%A7%DB%8C%D8%AA%D9%88%D9%86/,دوره برنامه نویسی پایتون - خانه ی ایده,course,wp:page; id:2162
https://khaneyeide.ir/%D8%AF%D9%BE%D8%A7%D8%B1%D8%AA%D9%85%D8%A7%D9%86-%D8%A8%D8%B1%D9%86%D8%A7%D9%85%D9%87-%D9%86%D9%88%DB%8C%D8%B3%DB%8C/,دپارتمان برنامه نویسی و هوش مصنوعی - خانه ی ایده,department,wp:page; id:2416
https://khaneyeide.ir/%D8%AF%D9%BE%D8%A7%D8%B1%D8%AA%D9%85%D8%A7%D9%86-%D8%B7%D8%B1%D8%A7%D8%AD%DB%8C-%D8%B3%D8%A7%DB%8C%D8%AA/,دپارتمان طراحی سایت - خانه ی ایده,department,wp:page; id:2410
https://khaneyeide.ir/%D8%AF%D9%BE%D8%A7%D8%B1%D8%AA%D9%85%D8%A7%D9%86-%D8%B7%D8%B1%D8%A7%D8%AD%DB%8C-%D8%B5%D9%86%D8%B9%D8%AA%DB%8C-%D9%88-%D8%B3%D8%A7%D9%84%DB%8C%D8%AF%D9%88%D8%B1%DA%A9%D8%B3/,دپارتمان طراحی صنعتی و سالیدورکس - خانه ی ایده,department,wp:page; id:2419
https://khaneyeide.ir/%D8%AF%D9%BE%D8%A7%D8%B1%D8%AA%D9%85%D8%A7%D9%86-%D8%A7%DB%8C%D8%AF%D9%87-%D8%AA%D8%A7-%D8%A7%D8%AE%D8%AA%D8%B1%D8%A7%D8%B9-%D9%88-%D8%AE%D9%84%D8%A7%D9%82%DB%8C%D8%AA/,دپارتمان ایده تا اختراع و خلاقیت - خانه ی ایده,department,wp:page; id:2425
https://khaneyeide.ir/%D8%AF%D9%BE%D8%A7%D8%B1%D8%AA%D9%85%D8%A7%D9%86-%D8%A8%D8%A7%D8%B2%DB%8C-%D8%B3%D8%A7%D8%B2%DB%8C/,دپارتمان بازی سازی - خانه ی ایده,department,wp:page; id:2428
https://khaneyeide.ir/%D8%AF%D9%BE%D8%A7%D8%B1%D8%AA%D9%85%D8%A7%D9%86-%D8%A2%D9%84%D8%AA%DB%8C%D9%88%D9%85-%D8%AF%DB%8C%D8%B2%D8%A7%DB%8C%D9%86-%D9%88-%D8%A2%D8%B1%D8%AF%D9%88%D8%A6%DB%8C%D9%86%D9%88/,دپارتمان آلتیوم دیزاین و آردوئینو - خانه ی ایده,department,wp:page; id:2422
https://khaneyeide.ir/%D9%85%D8%AC%D9%84%D9%87-%D8%AE%D8%A7%D9%86%D9%87-%D8%A7%DB%8C%D8%AF%D9%87/,مجله خانه ایده - خانه ی ایده,page,wp:page; id:2385; may show children; names omitted from structured.json
https://khaneyeide.ir/%D8%AF%D9%88%D8%B1%D9%87-%D8%A2%D9%85%D9%88%D8%B2%D8%B4-%D8%B1%D8%A8%D8%A7%D8%AA%DB%8C%DA%A9/,آموزش رباتیک | مبتدی تا حرفه ای + مسابقات | آنلاین و حضوری,course,wp:page; id:2159; may show children; names omitted from structured.json
https://khaneyeide.ir/%D8%A2%D9%85%D9%88%D8%B2%D8%B4-%D8%B1%D8%A8%D8%A7%D8%AA%DB%8C%DA%A9-%D8%A8%D8%A7-%D8%B3%D8%A7%D9%84%DB%8C%D8%AF%D9%88%D8%B1%DA%A9%D8%B3/,آموزش رباتیک با سالیدورکس در خانه ایده,course,wp:page; id:2175
https://khaneyeide.ir/ai-course/,دوره آموزش هوش مصنوعی AI حضوری و آنلاین با بهترین اساتید کشور,course,wp:page; id:2172
https://khaneyeide.ir/%D8%AF%D9%88%D8%B1%D9%87-%D8%A7%DB%8C%D8%AF%D9%87-%D8%AA%D8%A7-%D8%A7%D8%AE%D8%AA%D8%B1%D8%A7%D8%B9/,دوره ایده تا اختراع - خانه ی ایده,course,wp:page; id:2178; may show children; names omitted from structured.json
https://khaneyeide.ir/category/%D8%AF%D8%B3%D8%AA%D9%87%D8%A8%D9%86%D8%AF%DB%8C-%D9%86%D8%B4%D8%AF%D9%87/,بایگانی‌های دسته‌بندی نشده - خانه ی ایده,category,may show children; names omitted from structured.json
https://khaneyeide.ir/category/articles/,بایگانی‌های مقالات - خانه ی ایده,category,
https://khaneyeide.ir/author/khaneyeide/,"khaneyeide, نویسنده در خانه ی ایده",author,
https://khaneyeide.ir/2025/08/18/,"آگوست 18, 2025 - خانه ی ایده",other,
